<?xml version="1.0" encoding="UTF-8"?>
<project default="generate" name="es.uclm.iseresearch.tagml.tagml2xml">
    <property name="ECLIPSE_HOME" value="../../../../../eclipse/modeling-2019-12/Eclipse.app/Contents/Eclipse"/>
    <property name="ECLIPSE_WORKSPACE" value="../.."/>

    <!-- The classpath with only the dependencies used by the project -->
    <path id="es.uclm.iseresearch.tagml.tagml2xml.libraryclasspath">
        <pathelement location="${ECLIPSE_WORKSPACE}/es.uclm.iseresearch.tagml.tagml2xml/bin"/>
    </path>

    <path id="es.uclm.iseresearch.tagml.tagml2xml.classpath">
        <path refid="es.uclm.iseresearch.tagml.tagml2xml.libraryclasspath"/>
    </path>

    <!-- The classpath with only the jars available in the plugin folder of Eclipse -->
    <path id="es.uclm.iseresearch.tagml.tagml2xml.libraryclasspath.alljars">
        <pathelement location="../es.uclm.iseresearch.tagml.tagml2xml/bin"/>
        <fileset dir="${ECLIPSE_HOME}/plugins/" includes="*.jar"/>
    </path>

    <path id="es.uclm.iseresearch.tagml.tagml2xml.classpath.alljars">
        <path refid="es.uclm.iseresearch.tagml.tagml2xml.libraryclasspath.alljars"/>
    </path>

    <!-- The default task with the jars used by this project -->
    <target name="generate">
        <java classname="es.uclm.isereasearch.tagml.tagml2xml.main.Generate" classpathref="es.uclm.iseresearch.tagml.tagml2xml.classpath">
            <arg value="${model}"/>
            <arg value="${target}"/>
        </java>
    </target>

    <!--
        In case of problem you can also try with all the jar available in your Eclipse
        Keep in mind that having two versions of the same jar can create problems
    -->
    <target name="generate.alljars">
        <java classname="es.uclm.isereasearch.tagml.tagml2xml.main.Generate" classpathref="es.uclm.iseresearch.tagml.tagml2xml.classpath">
            <arg value="${model}"/>
            <arg value="${target}"/>
        </java>
    </target>
</project>
